Question,Answer
What is this AI course?,This is a complete Artificial Intelligence course designed to help you learn AI from basics to advanced level.
Who can join this AI course?,Anyone interested in AI including beginners students and working professionals.
Is this AI course suitable for beginners?,Yes this course is specially designed for beginners with no prior experience.
What topics are covered in the AI course?,The course covers Machine Learning Deep Learning Neural Networks NLP and AI tools.
Do I need programming knowledge for this course?,Basic Python knowledge is helpful but the course starts from fundamentals.
Will I get a certificate after completion?,Yes you will receive a certified AI course completion certificate.
Is this AI course online or offline?,This is a fully online self-paced AI course.
How long is the AI course?,The course duration is approximately 8 to 12 weeks depending on your learning speed.
Do you provide placement support?,Yes we provide placement assistance and interview preparation support.
What tools will I learn in this AI course?,You will learn Python TensorFlow Keras Scikit-learn and AI libraries.
Is there any live class available?,Yes we provide optional live doubt-clearing sessions.
Can I learn AI without coding experience?,Yes the course includes beginner-friendly coding lessons from scratch.
What projects will I build in this course?,You will build AI projects like chatbots recommendation system and image classifiers.
Is this course updated with latest AI trends?,Yes the course is updated with latest AI technologies including Generative AI.
What is the fee for the AI course?, The fee varies based on offers please check the website for current pricing.
Are there EMI options available?, Yes flexible EMI options are available for students.
Do I get lifetime access?,Yes you get lifetime access to all course materials.
Will I get doubt support?,Yes 24/7 doubt support is available via chat.
Is this course useful for jobs?,Yes it helps you prepare for AI engineer data scientist and ML roles.
Can I learn at my own pace?,Yes this is a self-paced learning program.
